<ivy-module version="2.0">
	<info organisation="net.sf.jasperreports" module="jasperreports"/>
	<configurations>
		<include file="../../../ivy.xml"/>
	</configurations>
	<dependencies>
		<dependency org="com.fasterxml.jackson.core" name="jackson-core" rev="2.15.3"/>
		<dependency org="com.fasterxml.jackson.core" name="jackson-databind" rev="2.15.3" conf="test->*"/>
		<dependency org="com.github.librepdf" name="openpdf" rev="1.3.30.jaspersoft.3" conf="test->*"/>
		<dependency org="com.zaxxer" name="SparseBitSet" rev="1.2" conf="test->*"/>
		<dependency org="commons-beanutils" name="commons-beanutils" rev="1.9.4" conf="test->*"/>
		<dependency org="commons-codec" name="commons-codec" rev="1.15" conf="test->*"/>
		<dependency org="commons-collections" name="commons-collections" rev="3.2.2" conf="test->*"/>
		<dependency org="commons-digester" name="commons-digester" rev="2.1" conf="test->*"/>
		<dependency org="commons-io" name="commons-io" rev="2.11.0" conf="test->*"/>
		<dependency org="commons-lang" name="commons-lang" rev="2.6" conf="test->*"/>
		<dependency org="commons-logging" name="commons-logging" rev="1.1.1" conf="test->*"/>
		<dependency org="net.sf.jasperreports" name="jasperreports-fonts" rev="6.21.0" conf="test->*"/>
		<dependency org="org.apache.commons" name="commons-collections4" rev="4.2" conf="test->*"/>
		<dependency org="org.apache.commons" name="commons-math3" rev="3.6.1" conf="test->*"/>
		<dependency org="org.apache.logging.log4j" name="log4j-api" rev="2.17.1" conf="test->*"/>
		<dependency org="org.apache.logging.log4j" name="log4j-core" rev="2.17.1" conf="test->*"/>
		<dependency org="org.apache.poi" name="poi-ooxml" rev="5.2.2" conf="test->*"/>
		<dependency org="org.apache.poi" name="poi" rev="5.2.2" conf="test->*"/>
		<dependency org="org.eclipse.jdt" name="ecj" rev="3.21.0"/>
	</dependencies>
</ivy-module>
